size:314,ios:1323;
size:296,ios:1165;
size:324,ios:1513;
size:311,ios:1292;
size:339,ios:1419;
size:264,ios:946;
size:322,ios:1314;
size:328,ios:1378;
size:290,ios:954;
size:295,ios:1361;
size:320,ios:1526;
size:363,ios:1314;
size:301,ios:1431;
size:337,ios:1430;
size:333,ios:1325;
size:338,ios:1354;
size:288,ios:1318;
size:340,ios:1323;
size:339,ios:1400;
size:339,ios:1311;
size:341,ios:1348;
size:351,ios:1348;
size:272,ios:886;
size:339,ios:1419;
size:332,ios:1200;
size:286,ios:1405;
size:340,ios:1390;
size:292,ios:1315;
size:304,ios:1355;
size:281,ios:1058;
size:326,ios:1274;
size:327,ios:1284;
size:332,ios:1496;
size:340,ios:1379;
size:337,ios:1002;
size:334,ios:1403;
size:324,ios:1577;
size:288,ios:1462;
size:340,ios:1144;
size:355,ios:1546;
size:342,ios:1378;
size:347,ios:1241;
size:341,ios:1286;
size:304,ios:1547;
size:342,ios:1331;
size:348,ios:1257;
size:359,ios:1369;
size:319,ios:1436;
size:338,ios:1447;
size:318,ios:1675;
size:337,ios:1506;
size:314,ios:1467;
size:322,ios:1215;
size:314,ios:1394;
size:332,ios:1309;
size:323,ios:1377;
size:310,ios:1474;
size:371,ios:1470;
size:306,ios:1145;
size:368,ios:1332;
size:314,ios:1385;
size:211,ios:702;
size:338,ios:1231;
size:351,ios:1279;
size:337,ios:1327;
size:319,ios:1399;
size:294,ios:1048;
size:312,ios:1191;
size:329,ios:1245;
size:346,ios:1277;
size:292,ios:1047;
size:324,ios:1220;
size:320,ios:1301;
size:271,ios:1011;
size:342,ios:1433;
size:347,ios:1388;
size:323,ios:1497;
size:326,ios:1385;
size:337,ios:1516;
size:319,ios:1211;
size:330,ios:1147;
size:329,ios:1556;
size:325,ios:1344;
size:333,ios:1595;
size:330,ios:1337;
size:321,ios:1344;
size:333,ios:1447;
size:331,ios:1465;
size:342,ios:1453;
size:345,ios:1353;
size:332,ios:1333;
size:308,ios:1506;
size:310,ios:1341;
size:335,ios:1456;
size:331,ios:1196;
size:334,ios:1286;
size:324,ios:1443;
size:326,ios:1205;
size:290,ios:1407;
size:341,ios:1266;
